date,year,portfolio_return,portfolio_return_gross,benchmark_return,alpha,transaction_cost,turnover,cash_drag_pct,sl_triggered_rate,ic_spearman,q1_ret,q2_ret,q3_ret,q4_ret,q5_ret,q_monotonic,top_decile_return,bottom_decile_return,long_short_return,portfolio_return_tuned,turnover_tuned,transaction_cost_tuned,top_sector,top_sector_weight,sector_hhi,top_picks,train_period,test_year
20180102,2018,0.012068089642873092,0.01257437683128877,-0.04766871165644182,0.05973680129931491,0.0005,1.0,0.022596799999999972,0.0,-0.005070792640283574,0.008994298311692931,0.019636997473896006,0.002164808430613302,-0.020306793042964667,0.009914167401761613,0,0.03415375173618677,0.03793107159688262,-0.003777319860695856,0.012068089642873092,1.0,0.0005,UNMAPPED_SECTOR,0.16,0.068,251270(넷마블):-21.6% | 138930(BNK금융지주):+12.3% | 000990(DB하이텍):+29.0% | 185750(종근당):-6.2% | 000880(한화):-3.0% | 139480(이마트):+12.7% | 192080(더블유게임즈):+22.4% | 034730(SK):+4.8% | 161580(필옵틱스):+11.8% | 042700(한미반도체):-8.7%,2015-2017,2018
20180306,2018,-0.02464891003829761,-0.023828926336420232,0.02026025897055983,-0.04490916900885744,0.0008400000000000001,0.28,0.027339749999999996,0.0,-0.07678129830750649,0.03285110305202578,0.008248968869396973,0.045077695591115546,0.00464793342964135,-0.026257263530835257,0,-0.05572739975432303,0.07224487735402942,-0.12797227710835246,-0.011200399638281566,0.21999999999999997,0.0006599999999999999,UNMAPPED_SECTOR,0.16,0.06960000000000001,185750(종근당):-10.0% | 000100(유한양행):+9.0% | 039030(이오테크닉스):-17.0% | 251270(넷마블):-5.3% | 207940(삼성바이오로직스):-17.3% | 007810(코리아써키트):-15.5% | 168330(내츄럴엔도텍):-15.1% | 001040(CJ):+1.3% | 012630(HDC):-1.0% | 048260(오스템임플란트):-3.2%,2015-2017,2018
20180504,2018,-0.03466455358167253,-0.03362086411491672,-0.06803472770323604,0.03337017412156351,0.00108,0.36,0.025490400000000024,0.0,0.07584586148835451,-0.04490488826915526,-0.07734168033614108,-0.036293022498099126,-0.055895560416016586,-0.05138722764792398,0,-0.062211818970458924,-0.0808119398789658,0.01860012090850688,-0.035561150131558916,0.18000000000000005,0.0005400000000000001,UNMAPPED_SECTOR,0.16,0.06559999999999999,265520(AP시스템):+24.5% | 139480(이마트):-6.3% | 003670(포스코퓨처엠):+32.7% | 100120(뷰웍스):-10.8% | 086980(쇼박스):-33.5% | 251270(넷마블):+21.2% | 009830(한화솔루션):-22.9% | 271980(제일약품):-3.8% | 145020(휴젤):+11.5% | 051910(LG화학):-1.5%,2015-2017,2018
20180709,2018,0.03713702608535341,0.03850785645587513,-0.0031165311653117422,0.04025355725066515,0.0013199999999999998,0.43999999999999995,0.02041369999999998,0.0,0.17251780441502387,-0.003413125084014561,-0.038168075209675266,0.00657264703447603,-0.011494886861100569,0.04305911171638632,0,0.04834879168835156,0.013765616044168299,0.034583175644183256,0.043903541156055326,0.38,0.00114,UNMAPPED_SECTOR,0.14,0.05439999999999999,232140(와이씨):+7.2% | 002390(한독):+3.9% | 005490(POSCO홀딩스):-0.3% | 032830(삼성생명):-5.0% | 042700(한미반도체):+31.2% | 175330(JB금융지주):+7.6% | 089030(테크윙):+6.5% | 027410(BGF):-41.6% | 004990(롯데지주):-9.3% | 141080(리가켐바이오):+4.9%,2015-2017,2018
20180906,2018,-0.09863859759150062,-0.09739299993140589,-0.07717140138643463,-0.021467196205065986,0.00138,0.45999999999999996,0.028453649999999997,0.0,0.12157864309785076,-0.1321368994660743,-0.10558304080371685,-0.09399983666801552,-0.09925116152426613,-0.10303121809106544,0,-0.1054531819094166,-0.15096558946216598,0.04551240755274938,-0.08333156088073246,0.31999999999999995,0.0009599999999999999,UNMAPPED_SECTOR,0.14,0.0576,123100(테라세미콘):-5.2% | 000100(유한양행):-2.5% | 207940(삼성바이오로직스):-31.5% | 115390(락앤락):-4.1% | 039840(디오):-16.8% | 204320(HL만도):-17.3% | 139480(이마트):-7.7% | 003550(LG):-4.7% | 105560(KB금융):-7.2% | 138930(BNK금융지주):-6.7%,2015-2017,2018
20181112,2018,0.04821912486356039,0.04960460293944043,-0.02422948042861872,0.07244860529217911,0.0013199999999999998,0.43999999999999995,0.019300899999999954,0.0,0.08425284062723147,0.03400593892890878,0.0025813077353011847,0.07601593301298504,0.03627352583177883,0.04149762182477405,0,0.06319615250530011,0.011299495964693436,0.05189665654060668,0.030138189468214005,0.38,0.00114,UNMAPPED_SECTOR,0.22,0.07839999999999998,237690(에스티팜):-8.5% | 043150(바텍):-2.9% | 068760(셀트리온제약):+18.2% | 016250(SGC E&C):+46.9% | 207940(삼성바이오로직스):+21.1% | 200130(콜마비앤에이치):+1.0% | 161890(한국콜마):+26.5% | 007630(폴루스바이오팜):-24.4% | 105560(KB금융):-0.6% | 168330(내츄럴엔도텍):-17.1%,2015-2017,2018
20190102,2019,0.11420985771949921,0.11588368324436578,0.07992874569182495,0.034281112027674254,0.0015,0.5,0.029751300000000036,0.0,0.05007082839908494,0.1235511053555156,0.10684573662083599,0.11227454940119955,0.11926601956454023,0.11827052896983793,0,0.10065482453134011,0.09800288904242253,0.002651935488917581,0.09875234899747753,0.07999999999999996,0.0002399999999999999,UNMAPPED_SECTOR,0.12,0.06399999999999999,042670(HD현대인프라코어):+4.1% | 011790(SKC):+5.6% | 011070(LG이노텍):+31.0% | 138930(BNK금융지주):-0.9% | 192080(더블유게임즈):+8.6% | 200130(콜마비앤에이치):+56.0% | 004990(롯데지주):+0.4% | 088350(한화생명):-3.5% | 168330(내츄럴엔도텍):-24.5% | 249420(일동제약):+10.1%,2016-2018,2019
20190307,2019,-0.019453872824653717,-0.0178628105777898,0.00458995230752679,-0.024043825132180507,0.0016200000000000001,0.54,0.023134650000000034,0.0,0.0490121211579893,-0.01732915684116504,0.01303271752119431,-0.016238170034278767,0.017386751637466804,-0.005354201384615815,0,-0.02215690774638427,-0.02104096943982627,-0.0011159383065580016,-0.026558885325623338,0.09999999999999998,0.0002999999999999999,UNMAPPED_SECTOR,0.14,0.0656,069620(대웅제약):+4.9% | 298020(효성티앤씨):-2.1% | 003410(쌍용양회):-3.7% | 069260(TKG휴켐스):+0.2% | 139130(iM금융지주):+4.5% | 123860(아나패스):+73.5% | 207940(삼성바이오로직스):-19.8% | 111770(영원무역):+20.4% | 185750(종근당):-7.2% | 051910(LG화학):-5.9%,2016-2018,2019
20190508,2019,-0.06347622467500946,-0.06195659435786923,-0.04140638943423158,-0.02206983524077788,0.0016200000000000001,0.54,0.015328950000000008,0.0,0.025466940474052634,-0.02528967353726012,-0.0693324144335554,-0.07340391118487975,-0.04801281896649497,-0.0732171159412166,0,-0.05410796413772363,-0.017132718819297354,-0.036975245318426275,-0.04764605087779039,0.24,0.0007199999999999999,UNMAPPED_SECTOR,0.12,0.0552,046890(서울반도체):-1.7% | 042670(HD현대인프라코어):-15.7% | 056190(에스에프에이):-3.3% | 042520(한스바이오메드):-7.8% | 011790(SKC):+20.4% | 073070(에이팸):-5.1% | 138930(BNK금융지주):+5.9% | 088350(한화생명):-18.6% | 095190(이엠코리아):-15.6% | 215600(신라젠):-27.3%,2016-2018,2019
20190708,2019,-0.06988098744878524,-0.06814774224936905,-0.015304412586110594,-0.05457657486267464,0.00186,0.62,0.026066049999999952,0.0,-0.07157758437027134,-0.03681057180221089,-0.01860546080523831,-0.015564201130854041,-0.019525573793241054,-0.0714053113885315,0,-0.06937172187288762,-0.059940446415597294,-0.009431275457290327,-0.0630952233783254,0.45999999999999996,0.00138,UNMAPPED_SECTOR,0.14,0.0552,087010(펩트론):-0.3% | 009150(삼성전기):+7.7% | 099190(아이센스):+8.0% | 088350(한화생명):-20.0% | 018250(애경산업):-11.8% | 115390(락앤락):-14.1% | 100120(뷰웍스):-17.4% | 112040(위메이드):-5.3% | 226950(올릭스):-2.8% | 090430(아모레퍼시픽):-14.2%,2016-2018,2019
20190905,2019,0.05689045590583697,0.05879628922644461,0.07067765844804108,-0.013787202542204113,0.0018,0.6,0.03243929999999995,0.0,0.10899842848480452,0.018622961851007574,0.04832760783623372,0.09538218011156348,0.05058785485623441,0.0496314097865238,0,0.062164114068181016,0.015535628721471378,0.04662848534670964,0.05158130070829703,0.4,0.0012000000000000001,의약품제조업,0.12,0.0624,087010(펩트론):+3.1% | 215360(우리산업):-3.9% | 005500(삼진제약):+4.9% | 251270(넷마블):-4.0% | 170900(동아에스티):+18.5% | 082920(비츠로셀):+23.7% | 226950(올릭스):+1.4% | 069960(현대백화점):+1.7% | 032830(삼성생명):+10.8% | 098460(고영):+23.6%,2016-2018,2019
20191108,2019,0.06226120627919807,0.06417672438308765,0.04920001412778574,0.013061192151412326,0.0018,0.6,0.02302044999999997,0.0,0.06330589722190952,-0.007115852839060229,0.0436588745446001,0.05017147926330345,0.010774349638529898,0.03790833454671627,0,0.06819244309145217,-0.009943909672172364,0.07813635276362453,0.06323711405373644,0.4,0.0012000000000000001,의약품제조업,0.1,0.06159999999999999,000100(유한양행):+11.9% | 046890(서울반도체):+16.1% | 051900(LG생활건강):+15.5% | 251270(넷마블):+6.0% | 307950(현대오토에버):-14.8% | 293480(하나제약):-0.8% | 016580(환인제약):-11.1% | 234080(JW생명과학):-9.3% | 069260(TKG휴켐스):-14.3% | 226950(올릭스):+5.8%,2016-2018,2019
20200102,2020,-0.04743655748385056,-0.04548935576962054,-0.04208713621491311,-0.005349421268937449,0.0020399999999999997,0.6799999999999999,0.02732464999999995,0.0,-0.03189986766933773,-0.04687644614070914,-0.02962845894752585,-0.08451687204963187,-0.04526022410549451,-0.06127218136367427,0,-0.054690821440553795,-0.05075431907774692,-0.003936502362806876,-0.05455924898292164,0.7,0.0021,의약품제조업,0.12,0.052,088350(한화생명):-9.4% | 041190(우리기술투자):-0.5% | 141080(리가켐바이오):+0.8% | 042670(HD현대인프라코어):-20.7% | 243070(휴온스):-14.7% | 001820(삼화콘덴서):+16.4% | 011690(와이투솔루션):-22.4% | 051900(LG생활건강):+2.8% | 225570(넥슨게임즈):+1.5% | 307950(현대오토에버):-18.9%,2017-2019,2020
20200304,2020,0.06518174518944675,0.06703839199151179,-0.08510408801639513,0.15028583320584188,0.0017400000000000002,0.5800000000000001,0.021180399999999988,0.0,-0.03256503718522686,0.08117513992923557,0.03552698776475835,0.04934129499871129,0.012506166789503587,0.03389569291812153,0,0.05495275426161018,0.08950595761927806,-0.03455320335766788,0.05013756950416037,0.48,0.0014399999999999999,기타화학제품제조업,0.1,0.05600000000000001,307950(현대오토에버):+8.6% | 255440(야스):+20.7% | 179900(유티아이):+12.9% | 042670(HD현대인프라코어):+3.0% | 069620(대웅제약):+3.9% | 005420(코스모화학):+0.8% | 091700(파트론):-17.2% | 005830(DB손해보험):+10.8% | 139130(iM금융지주):-5.0% | 006650(대한유화):+41.2%,2017-2019,2020
20200507,2020,0.1400355284779986,0.1417481507040545,0.1421048494851842,-0.0020693210071855983,0.0015,0.5,0.019528800000000013,0.0,0.021207957887924195,0.18925437358477384,0.188458515678659,0.12068938035953507,0.17169245110536802,0.15065220270353336,0,0.15822225563092399,0.11498177024411435,0.043240485386809635,0.1275369805482962,0.38,0.00114,전자부품제조업,0.1,0.053599999999999995,005420(코스모화학):+2.6% | 049950(미래컴퍼니):-6.1% | 086900(메디톡스):+41.0% | 234080(JW생명과학):+15.0% | 051370(인터플렉스):+19.5% | 010060(OCI홀딩스):+1.3% | 316140(우리금융지주):+10.7% | 034220(LG디스플레이):+11.9% | 032830(삼성생명):-3.2% | 090435(아모레퍼시픽우):-0.2%,2017-2019,2020
20200706,2020,0.18227525557402235,0.18447838537081204,0.08881013006675387,0.09346512550726849,0.00186,0.62,0.021926699999999966,0.0,-0.0417428904684551,0.29496640881941966,0.15318712627535033,0.09435875658254396,0.13598473929895968,0.22247793420187648,0,0.16579179606548908,0.31136088493593084,-0.14556908887044176,0.137753791411652,0.43999999999999995,0.0013199999999999998,의약품제조업,0.1,0.054400000000000004,086820(바이오솔루션):+7.1% | 243070(휴온스):+15.6% | 170900(동아에스티):+7.2% | 001820(삼화콘덴서):+0.7% | 032830(삼성생명):+34.9% | 000100(유한양행):+25.1% | 005940(NH투자증권):+10.6% | 036490(SK머티리얼즈):+25.8% | 053800(안랩):+27.5% | 006840(AK홀딩스):+37.0%,2017-2019,2020
20200903,2020,0.011978626560696926,0.013742538577822358,0.01791865499478562,-0.0059400284340886955,0.0017400000000000002,0.5800000000000001,0.021208899999999975,0.0,0.19859857720209664,-0.03525112625319054,-0.03276449433315914,0.028830925802372464,0.05422549135713859,0.018320412998402372,0,0.011026121159283085,-0.03154142755561049,0.04256754871489358,0.03044359659593132,0.45999999999999996,0.00138,기타화학제품제조업,0.1,0.06079999999999999,243070(휴온스):-15.8% | 288330(파라택시스코리아):+16.2% | 008060(대덕):+23.2% | 000660(SK하이닉스):+9.3% | 078930(GS):+3.2% | 308170(씨티알모빌리티):+12.4% | 000100(유한양행):-0.3% | 001820(삼화콘덴서):-4.2% | 108230(톱텍):-0.0% | 006060(화승인더):+1.7%,2017-2019,2020
20201106,2020,0.10516607900352537,0.10749181180832286,0.3356721515057435,-0.2305060725022181,0.0021,0.7,0.01201629999999998,0.0,0.005219968200534875,0.1378387618344664,0.17036781147526284,0.1308522793442136,0.225906867494952,0.13372931177049835,0,0.11592855681585833,0.12733698354521697,-0.011408426729358642,0.12860221540383154,0.5,0.0015,의약품제조업,0.1,0.047999999999999994,148150(세경하이테크):+0.7% | 019175(신풍제약우):-18.3% | 090435(아모레퍼시픽우):+12.0% | 026890(스틱인베스트먼트):-17.1% | 012610(경인양행):+4.2% | 084990(헬릭스미스):+58.8% | 005420(코스모화학):+48.0% | 236200(슈프리마):+19.1% | 063160(종근당바이오):+82.7% | 108230(톱텍):-41.9%,2017-2019,2020
20210104,2021,-0.005105028107390441,-0.002591558835656369,0.0211563469040712,-0.02626137501146164,0.00252,0.84,0.014150200000000002,0.0,0.062449224430629724,-0.028956541515560777,-0.04194490049873601,-0.00042120932146800567,-0.010093624976425705,-0.02671934763335137,0,-0.004849784743105355,-0.03715934232264621,0.032309557579540855,0.010208682423098914,0.16000000000000003,0.0004800000000000001,전자부품제조업,0.12,0.053599999999999995,251270(넷마블):-10.2% | 008060(대덕):+6.7% | 004710(한솔테크닉스):-1.0% | 245620(EDGC):-2.3% | 108320(LX세미콘):-4.7% | 015860(일진홀딩스):-2.1% | 030530(원익홀딩스):-2.8% | 138080(오이솔루션):-21.8% | 141080(리가켐바이오):-21.8% | 001880(삼호):-4.5%,2018-2020,2021
20210308,2021,0.33263067791420053,0.3354350916065743,0.04481559484743114,0.2878150830667694,0.0021,0.7,0.016152900000000026,0.0,0.10143328491784143,0.12159301151807836,0.11239444485605359,0.10574245102897858,0.141874066313137,0.22097457190941178,0,0.3214294559519692,0.07698243509839252,0.24444702085357667,0.12184346410557079,0.31999999999999995,0.0009599999999999999,전자부품제조업,0.1,0.04959999999999999,019175(신풍제약우):-2.4% | 238090(앤디포스):+30.7% | 102940(코오롱생명과학):+64.0% | 002020(코오롱):+38.0% | 001040(CJ):+9.9% | 192650(드림텍):+15.3% | 049770(동원F&B):+19.4% | 042040(케이피엠테크):+3.9% | 011000(진원생명과학):+32.8% | 226330(신테카바이오):+3.3%,2018-2020,2021
20210506,2021,0.010608045547565226,0.012917497441732246,0.03014250890680681,-0.019534463359241583,0.00228,0.76,0.02417349999999996,0.0,0.044186983940676716,0.0591820521450205,0.045853005401130506,0.042506317500230165,0.023419008516352903,0.05134232927790089,0,0.02205422554315718,-0.028288514968923456,0.05034274051208064,0.03177580487118825,0.54,0.0016200000000000001,기타화학제품제조업,0.12,0.0568,326030(SK바이오팜):-25.8% | 357780(솔브레인):-8.6% | 009150(삼성전기):+3.6% | 244460(올리패스):+61.3% | 006405(삼성SDI우):+6.2% | 084690(대상홀딩스):-22.8% | 066590(우수AMS):-1.0% | 281820(케이씨텍):-3.2% | 000660(SK하이닉스):-4.6% | 005935(삼성전자우):-1.6%,2018-2020,2021
20210706,2021,-0.02753863097984588,-0.02543356748561474,-0.04614334470989756,0.01860471373005168,0.00216,0.72,0.024911899999999987,0.0,0.002370705198612805,0.015295081703202732,-0.01416040197589532,-0.03714406359388437,0.011885187804704338,-0.0069844653676888165,0,-0.04035143258918774,0.040283273199328146,-0.08063470578851589,-0.02399514355248844,0.62,0.00186,특수목적용기계제조업,0.1,0.044799999999999986,182400(엔케이젠바이오텍코리):+45.3% | 187420(HLB제넥스):+1.5% | 009830(한화솔루션):-8.8% | 011170(롯데케미칼):-4.8% | 005930(삼성전자):-4.3% | 108670(LX하우시스):-18.5% | 123420(위메이드플레이):+5.9% | 357780(솔브레인):-10.8% | 226330(신테카바이오):-12.0% | 185750(종근당):-4.0%,2018-2020,2021
20210903,2021,-0.056208385308662345,-0.05433597053031238,-0.06884213539430373,0.012633750085641382,0.00198,0.6599999999999999,0.02072370000000001,0.0,0.030173581742729723,-0.07483260740520818,-0.06357469144502392,-0.04647032500735509,-0.10271900800332223,-0.07286705030204878,0,-0.06872762967373824,-0.11225918272435019,0.043531553050611946,-0.0587280595446662,0.56,0.0016800000000000003,UNMAPPED_SECTOR,0.1,0.0464,012330(현대모비스):-12.5% | 105560(KB금융):+7.7% | 055550(신한지주):-2.7% | 005935(삼성전자우):-9.3% | 034220(LG디스플레이):-1.9% | 009150(삼성전기):-13.1% | 005930(삼성전자):-9.2% | 034730(SK):-12.1% | 174900(앱클론):-25.4% | 064960(SNT모티브):-11.6%,2018-2020,2021
20211109,2021,0.026758763276969244,0.028981363021094775,0.0012552515626600425,0.0255035117143092,0.00216,0.72,0.014836100000000019,0.0,0.10702614825221593,-0.03065520557340222,0.021521550486526972,0.01692047125217943,-0.006108770496409752,0.014647723282014987,0,0.017168247305995053,-0.05381116334530022,0.07097941065129527,-0.024361731758707816,0.5,0.0015,반도체제조업,0.06,0.04319999999999999,008930(한미사이언스):-9.9% | 108230(톱텍):+14.5% | 139670(키네마스터):+26.2% | 027360(아주IB투자):-7.5% | 122990(와이솔):+3.0% | 006405(삼성SDI우):-12.5% | 009150(삼성전기):+13.8% | 016380(KG스틸):+12.3% | 005935(삼성전자우):+8.6% | 108670(LX하우시스):-0.9%,2018-2020,2021
20220103,2022,-0.06385660785039282,-0.06171732334762545,-0.11663421910950422,0.0527776112591114,0.00228,0.76,0.01656409999999997,0.0,0.14246838806691203,-0.11420022091510497,-0.09802911334704584,-0.08375225147781633,-0.06947773387930524,-0.0827306489221534,0,-0.07332936794204589,-0.08667963096024824,0.013350263018202344,-0.07214159074558268,0.76,0.00228,UNMAPPED_SECTOR,0.14,0.06480000000000001,000660(SK하이닉스):-6.6% | 00680K(미래에셋증권2우B):-17.3% | 005930(삼성전자):-9.5% | 009150(삼성전기):-18.2% | 105560(KB금융):-3.2% | 009470(삼화전기):+48.8% | 338220(뷰노):+70.2% | 348950(제이알글로벌리츠):+0.5% | 086450(동국제약):-4.3% | 055550(신한지주):-1.3%,2019-2021,2022
20220308,2022,-0.0175246920966865,-0.016107887454621092,-0.011362985860667418,-0.006161706236019082,0.0014399999999999999,0.48,0.021662749999999953,0.0,0.12792243493155223,-0.06353287859462527,-0.03515685415594608,-0.018387083023656107,-0.004073358050049023,-0.008606808065090118,0,-0.005117289695699866,-0.10440069797039965,0.09928340827469978,-0.022142041954985814,0.36,0.00108,UNMAPPED_SECTOR,0.12,0.0552,005935(삼성전자우):-8.0% | 005930(삼성전자):-7.7% | 950190(고스트스튜디오):-13.5% | 036810(에프에스티):-5.2% | 000660(SK하이닉스):-8.3% | 055550(신한지주):+10.8% | 161000(애경케미칼):-5.9% | 016580(환인제약):-0.3% | 215000(골프존):+23.1% | 290510(코리아센터):+6.2%,2019-2021,2022
20220509,2022,-0.11224202372213177,-0.11074808049736726,-0.10208158420427915,-0.010160439517852615,0.0016800000000000003,0.56,0.0187813,0.0,0.035938748448365275,-0.08756129558701144,-0.10062589653225007,-0.020685162768303757,-0.051152813128178355,-0.12273797174563077,0,-0.12072691953724435,-0.06980226092452707,-0.05092465861271728,-0.11017900609457087,0.42000000000000004,0.00126,UNMAPPED_SECTOR,0.12,0.05439999999999999,005930(삼성전자):-10.5% | 005935(삼성전자우):-7.2% | 090850(현대이지웰):-19.4% | 025320(시노펙스):+25.0% | 015890(태경산업):-1.3% | 066570(LG전자):-29.9% | 000970(한국주철관):-9.2% | 215000(골프존):-21.0% | 226950(올릭스):-15.8% | 175330(JB금융지주):-16.8%,2019-2021,2022
20220708,2022,0.1059814193589459,0.10817560706092666,-0.006416250201515261,0.11239766956046116,0.00198,0.6599999999999999,0.021112699999999984,0.0,0.05514297886541062,0.046920255667087775,0.06145292883776246,0.019701063426654623,0.0014272357245007443,0.054567425587040634,0,0.10361005526888167,0.0028309843777040294,0.10077907089117764,0.09420170080363288,0.5800000000000001,0.0017400000000000002,UNMAPPED_SECTOR,0.16,0.05759999999999999,083450(GST):+4.4% | 000660(SK하이닉스):-3.5% | 009150(삼성전기):+2.6% | 005930(삼성전자):-5.5% | 138040(메리츠금융지주):-3.6% | 007700(F&F홀딩스):+32.9% | 027360(아주IB투자):-3.3% | 950190(고스트스튜디오):+4.3% | 042000(카페24):+2.4% | 041190(우리기술투자):+3.1%,2019-2021,2022
20220907,2022,-0.015291493307764803,-0.013930717698188218,0.0096378504672896,-0.024929343775054402,0.00138,0.45999999999999996,0.017960949999999976,0.0,0.08094685137954521,-0.03128731389493269,-0.041857727539285135,-0.02807670726134808,-0.026144664678026255,-0.01637418167721186,0,-0.010686210599110653,-0.04385268215625069,0.03316647155714004,-0.026035971478500564,0.33999999999999997,0.0010199999999999999,UNMAPPED_SECTOR,0.14,0.0552,000815(삼성화재우):+4.8% | 000660(SK하이닉스):+3.4% | 015890(태경산업):-0.4% | 192650(드림텍):-4.5% | 005930(삼성전자):+13.1% | 119860(커넥트웨이브):-11.1% | 041830(인바디):-7.3% | 003530(한화투자증권):-10.9% | 091700(파트론):+8.9% | 185750(종근당):+2.8%,2019-2021,2022
20221110,2022,0.04962519117287667,0.051012527709453095,-0.005013981293992886,0.05463917246686956,0.0013199999999999998,0.43999999999999995,0.019933650000000025,0.0,0.13347164575806683,-0.03081005342128271,0.029958229335274863,-0.010876653835582383,0.013201541943484048,0.031402005107718435,0,0.06788528479116883,-0.0775490277211599,0.14543431251232875,0.04873939514943881,0.38,0.00114,UNMAPPED_SECTOR,0.16,0.0704,000660(SK하이닉스):-6.6% | 326030(SK바이오팜):+9.1% | 207940(삼성바이오로직스):-10.8% | 005930(삼성전자):-3.8% | 185750(종근당):+2.6% | 011040(경동제약):+1.7% | 009290(광동제약):+26.2% | 139130(iM금융지주):+7.1% | 018880(한온시스템):+5.5% | 053300(한국정보인증):+20.1%,2019-2021,2022
20230102,2023,0.16414121402935922,0.16687169379283445,0.10749163187135502,0.0566495821580042,0.00234,0.78,0.004876749999999985,0.0,0.002493116224061928,0.13396032005108566,0.17451544628755009,0.09298029997488601,0.11498176843402536,0.129950439345348,0,0.164115783874744,0.10740943694743621,0.05670634692730778,0.16581249020010547,0.64,0.00192,UNMAPPED_SECTOR,0.12,0.06159999999999998,007810(코리아써키트):+24.1% | 086390(유니테스트):+15.1% | 319660(피에스케이):+14.2% | 095700(제넥신):-1.3% | 206650(유바이오로직스):-7.4% | 027360(아주IB투자):+14.9% | 043150(바텍):+3.6% | 102710(이엔에프테크놀로지):+6.5% | 016380(KG스틸):+28.5% | 033640(네패스):+12.0%,2020-2022,2023
20230306,2023,0.05162225866363257,0.05332865107837951,0.016295880850003108,0.03532637781362946,0.0016200000000000001,0.54,0.0077430499999999736,0.0,0.15930121431391156,-0.0019017472512837684,0.00471218991553879,-0.014474831766101558,0.08784935168145072,0.05987248822573134,0,0.08498316942348633,0.006272209028499011,0.07871096039498732,0.07241748980216545,0.33999999999999997,0.0010199999999999999,소프트웨어개발및공급업,0.14,0.0688,119860(커넥트웨이브):+4.0% | 222800(심텍):-4.5% | 183300(코미코):-3.6% | 026890(스틱인베스트먼트):+0.7% | 027360(아주IB투자):-11.5% | 060570(드림어스컴퍼니):-9.7% | 102710(이엔에프테크놀로지):-0.5% | 064290(인텍플러스):+12.4% | 001800(오리온홀딩스):+8.5% | 206650(유바이오로직스):-6.2%,2020-2022,2023
20230504,2023,0.06954652214345836,0.07153958577299618,0.030750835453904335,0.03879568668955402,0.00186,0.62,0.008704299999999998,0.0,0.0031414417646702998,0.043114037949269074,0.023483475609861165,-0.028952137657792695,0.007094475901640653,0.04221327584596068,0,0.12495174610748204,0.039837377888550685,0.08511436821893135,0.08937994261404958,0.4,0.0012000000000000001,특수목적용기계제조업,0.12,0.055999999999999994,319660(피에스케이):+1.7% | 336570(원텍):+57.1% | 064260(다날):-11.1% | 222800(심텍):+17.6% | 183300(코미코):+27.5% | 001430(세아베스틸지주):+9.7% | 166090(하나머티리얼즈):+12.4% | 003090(대웅):-16.1% | 003530(한화투자증권):-6.5% | 006800(미래에셋증권):+0.4%,2020-2022,2023
20230706,2023,0.078167790540276,0.08024185490168731,0.012165377751338635,0.06600241278893737,0.00192,0.64,0.01722524999999997,0.0,0.060798397347433905,0.05686057534456519,0.05295955518442139,0.032084350979840366,0.06437023949137657,0.06818395320334075,0,0.09059709296658608,-0.0006805822324102297,0.09127767519899631,0.04870591258616952,0.42000000000000004,0.00126,특수목적용기계제조업,0.12,0.0576,084990(헬릭스미스):-16.8% | 036200(유니셈):+25.5% | 389500(에스비비테크):+55.7% | 006800(미래에셋증권):-2.5% | 005930(삼성전자):+0.1% | 036810(에프에스티):+14.4% | 018880(한온시스템):+0.8% | 348210(넥스틴):+15.3% | 027360(아주IB투자):+26.2% | 030530(원익홀딩스):+13.2%,2020-2022,2023
20230905,2023,-0.0029539668727192048,-0.0012160828568902103,-0.04408004936965526,0.041126082496936056,0.0017400000000000002,0.5800000000000001,0.008543100000000026,0.0,0.16673668536536712,-0.11263301724625646,-0.06153157967775578,-0.0007157258381212537,-0.047526952769748165,-0.031069610935992684,0,-0.02621863974204553,-0.14066674986810834,0.11444811012606282,-0.03751848539024849,0.45999999999999996,0.00138,UNMAPPED_SECTOR,0.16,0.0656,145720(덴티움):-0.8% | 950130(엑세스바이오):+14.4% | 251270(넷마블):+9.3% | 033640(네패스):-5.6% | 011500(한농화성):+9.2% | 399720(가온칩스):-19.5% | 036560(KZ정밀):-10.2% | 084990(헬릭스미스):-6.7% | 278650(HLB바이오스텝):-13.5% | 403870(HPSP):+12.0%,2020-2022,2023
20231109,2023,0.11950216650883294,0.1215883207854939,0.046081957637799986,0.07342020887103295,0.00186,0.62,0.007782049999999985,0.0,0.057125044830014626,0.0762269071928068,0.09599315229460087,0.0659659662448549,0.05995892312600012,0.07270665801564499,0,0.09637689656157124,0.04480614916668206,0.05157074739488918,0.11934689783676533,0.4,0.0012000000000000001,특수목적용기계제조업,0.12,0.0672,059090(미코):+0.0% | 218410(RFHIC):+21.9% | 278280(천보):-0.8% | 378340(필에너지):+18.2% | 281740(레이크머티리얼즈):+66.8% | 058430(포스코스틸리온):+0.8% | 002900(TYM):+16.9% | 323410(카카오뱅크):+28.1% | 107600(새빗켐):+8.6% | 254490(미래반도체):+6.1%,2020-2022,2023
20240102,2024,-0.0019523345885038568,2.7720297685544664e-05,-0.008209679656081104,0.006257345067577247,0.00198,0.6599999999999999,0.013151750000000018,0.0,0.0840604542871669,0.02515091943850307,0.02781837902703763,0.03439428925622773,0.03812214885593378,0.0027885644786328975,0,-0.00950123131581822,0.013960572434964028,-0.023461803750782245,0.022694084522980607,0.43999999999999995,0.0013199999999999998,특수목적용기계제조업,0.14,0.068,388720(유일로보틱스):+4.8% | 069260(TKG휴켐스):-4.0% | 010120(LS ELECTRI):+7.6% | 140410(메지온):+18.3% | 018880(한온시스템):-13.8% | 007340(DN오토모티브):+7.0% | 237690(에스티팜):-0.7% | 376300(디어유):+3.0% | 213420(덕산네오룩스):-9.5% | 166090(하나머티리얼즈):-13.3%,2021-2023,2024
20240305,2024,0.09945841849252313,0.10071323157652036,0.04253474649738531,0.056923671995137815,0.00114,0.38,0.015006850000000016,0.0,0.1304715254826558,0.017695345323778384,0.0301372893889616,0.059068661013655946,0.03285830094512001,0.0786421174065519,0,0.09564614422927628,0.009462548150772954,0.08618359607850333,0.06859560450941116,0.26,0.0007800000000000001,특수목적용기계제조업,0.14,0.053599999999999995,166090(하나머티리얼즈):+17.6% | 171090(선익시스템):+138.1% | 272290(이녹스첨단소재):-1.1% | 001800(오리온홀딩스):+3.2% | 183300(코미코):+48.9% | 003490(대한항공):-2.0% | 088350(한화생명):-6.1% | 253450(스튜디오드래곤):+0.3% | 006280(녹십자):-4.6% | 007070(GS리테일):-7.2%,2021-2023,2024
20240507,2024,0.03074278122645846,0.032043155602517685,0.05812768240343358,-0.02738490117697512,0.00126,0.42000000000000004,0.01158110000000001,0.0,0.09324911494863718,0.0059739292868016495,0.008699957145695061,0.0037021192919126193,-0.012736561078419252,0.008017267836406019,0,0.024089587544724015,0.028851892857924433,-0.004762305313200418,0.007314158946549965,0.31999999999999995,0.0009599999999999999,기타금융업,0.08,0.043999999999999984,108490(로보티즈):-2.7% | 361610(SK아이이테크놀로지):-25.1% | 011210(현대위아):-2.9% | 388720(유일로보틱스):+14.0% | 005850(에스엘):+24.4% | 137310(에스디바이오센서):-11.4% | 003545(대신증권우):+6.0% | 213420(덕산네오룩스):+0.8% | 003490(대한항공):+3.4% | 108860(셀바스AI):-20.3%,2021-2023,2024
20240708,2024,-0.08602525814714834,-0.08503709821321866,-0.12307653306968847,0.03705127492254012,0.00108,0.36,0.011267499999999986,0.0,0.18769782655405476,-0.19145641127143784,-0.11716770749652836,-0.1070554063517911,-0.0923349286217775,-0.08938693909158128,1,-0.07527580338739356,-0.22206693497121144,0.14679113158381787,-0.11186485674050761,0.24,0.0007199999999999999,기타금융업,0.1,0.056,222080(씨아이에스):-23.3% | 108490(로보티즈):-23.9% | 051915(LG화학우):-19.3% | 001430(세아베스틸지주):-3.5% | 137310(에스디바이오센서):+0.8% | 011210(현대위아):-12.6% | 358570(지아이이노베이션):+5.8% | 093370(후성):-18.7% | 302440(SK바이오사이언스):-4.1% | 108860(셀바스AI):+0.4%,2021-2023,2024
20240905,2024,-0.027951292640964076,-0.026666492410946558,-0.0537985661424607,0.025847273501496626,0.0013199999999999998,0.43999999999999995,0.008864800000000006,0.0,-0.024706996246844765,-0.0216211274034867,0.028607351998682695,-0.010760320127133866,-0.027047453859401056,-0.024334774594434366,0,-0.018141350393925,0.020156212536528693,-0.038297562930453694,-0.006954057168349181,0.26,0.0007800000000000001,전자부품제조업,0.12,0.055999999999999994,166090(하나머티리얼즈):-15.7% | 005420(코스모화학):-7.0% | 214370(케어젠):+18.0% | 001430(세아베스틸지주):+17.9% | 377300(카카오페이):-6.1% | 393890(더블유씨피):-22.7% | 140410(메지온):+3.2% | 088350(한화생명):-6.5% | 222800(심텍):-28.0% | 101490(에스앤에스텍):-12.5%,2021-2023,2024
20241112,2024,0.06065921563253873,0.061550918403997935,0.010479362072652876,0.050179853559885856,0.0008400000000000001,0.28,0.01017239999999997,0.0,0.041630640582389,0.04710155432982001,0.06405528142057616,0.06628333940879942,0.07022342410967683,0.05983111052381067,0,0.06941099910755703,0.02555474053048498,0.04385625857707205,0.07318709945545554,0.18000000000000005,0.0005400000000000001,기타화학제품제조업,0.1,0.0528,137310(에스디바이오센서):+45.5% | 014820(동원시스템즈):-8.5% | 166090(하나머티리얼즈):+6.0% | 140410(메지온):-6.2% | 101490(에스앤에스텍):+43.5% | 194480(데브시스터즈):-0.1% | 093370(후성):-1.4% | 293490(카카오게임즈):+5.3% | 215000(골프존):+0.8% | 272290(이녹스첨단소재):+23.5%,2021-2023,2024
20250102,2025,0.0680021039471741,0.06928524624266527,0.06614847216540287,0.0018536317817712256,0.0012000000000000001,0.4,0.008850499999999983,0.0,0.12615761658056426,0.01370889959511754,0.05549353505899369,0.06872884701978041,0.07147868950107619,0.08431038147714151,1,0.05410945746185952,-0.008923317016114797,0.06303277447797431,0.08673851883280337,0.24,0.0007199999999999999,소프트웨어개발및공급업,0.08,0.048799999999999996,200130(콜마비앤에이치):+10.5% | 185750(종근당):-13.2% | 088350(한화생명):+2.2% | 140410(메지온):-9.1% | 166090(하나머티리얼즈):+21.7% | 005945(NH투자증권우):+17.3% | 222800(심텍):+66.1% | 272290(이녹스첨단소재):+23.7% | 319660(피에스케이):+0.4% | 001800(오리온홀딩스):+0.8%,2022-2024,2025
20250310,2025,0.06405105215064211,0.06520146973795897,0.024469435343428048,0.03958161680721406,0.00108,0.36,0.011367550000000004,0.0,0.1806052021737631,0.025746104712037043,0.04805970380240046,0.06749994998458009,0.08405531430467088,0.09060103108117963,1,0.05743814930779493,-0.047588399746557306,0.10502654905435224,0.06735438059549304,0.26,0.0007800000000000001,특수목적용기계제조업,0.16,0.06720000000000001,307950(현대오토에버):+3.4% | 001430(세아베스틸지주):-11.8% | 069260(TKG휴켐스):+20.1% | 222080(씨아이에스):-0.5% | 140410(메지온):+30.0% | 123860(아나패스):-2.0% | 185750(종근당):+3.5% | 200130(콜마비앤에이치):+12.6% | 014820(동원시스템즈):-11.5% | 114810(한솔아이원스):+7.4%,2022-2024,2025
20250512,2025,0.18612190690010033,0.1876183059656172,0.23334677884061317,-0.047224871940512836,0.00126,0.42000000000000004,0.008899450000000031,0.0,0.14103698850086113,0.16076819687367222,0.12684456100428823,0.21047785933444907,0.19793833543007444,0.1890204639832655,0,0.19426048866388437,0.19721696043892767,-0.0029564717750432956,0.15473314355534473,0.24,0.0007199999999999999,특수목적용기계제조업,0.12,0.0592,272290(이녹스첨단소재):-2.5% | 001430(세아베스틸지주):+78.5% | 001800(오리온홀딩스):-1.6% | 002790(아모레퍼시픽홀딩스):+47.7% | 004490(세방전지):+3.3% | 293490(카카오게임즈):+23.8% | 009420(한올바이오파마):-1.9% | 006280(녹십자):+35.9% | 185750(종근당):+6.5% | 319400(현대무벡스):+14.2%,2022-2024,2025
20250711,2025,0.004169991895351499,0.005557661468177633,0.0513467423552223,-0.0471767504598708,0.00138,0.45999999999999996,0.018745899999999982,0.0,0.01659806397477004,0.02939892904545525,0.059703125880727265,0.07941262046974364,0.030739479445416572,0.028653302692290432,0,-0.008108508361670923,0.051130478573509205,-0.05923898693518013,0.022151552965256505,0.30000000000000004,0.0009000000000000002,특수목적용기계제조업,0.1,0.0528,140410(메지온):+36.5% | 253590(네오셈):+6.1% | 166090(하나머티리얼즈):+22.3% | 005850(에스엘):+10.4% | 137310(에스디바이오센서):-0.0% | 018880(한온시스템):+9.7% | 272290(이녹스첨단소재):+2.9% | 222080(씨아이에스):-5.6% | 108860(셀바스AI):-4.6% | 007310(오뚜기):-0.5%,2022-2024,2025
20250910,2025,0.057973347102273864,0.05918081322935551,0.2519275636040439,-0.19395421650177003,0.00114,0.38,0.012461849999999997,0.0,0.01294886933373254,0.13777804364858282,0.10013698352741122,0.07513616202224417,0.04778399833151066,0.06068258384181154,0,0.05475793937533878,0.11801655296836555,-0.06325861359302677,0.07488830744528241,0.30000000000000004,0.0009000000000000002,특수목적용기계제조업,0.1,0.0568,196170(알테오젠):+15.8% | 166090(하나머티리얼즈):+42.4% | 161580(필옵틱스):+33.7% | 415640(KB발해인프라):+15.6% | 054950(제이브이엠):-21.6% | 088980(맥쿼리인프라):-2.0% | 417200(LS머트리얼즈):+19.8% | 253590(네오셈):+21.8% | 108860(셀바스AI):-4.2% | 222080(씨아이에스):+2.9%,2022-2024,2025
20251114,2025,0.04065785399110888,0.04178297960908675,0.25062563228795076,-0.20996777829684188,0.00108,0.36,0.01670499999999997,0.0,0.028842379384328286,0.14204726097739753,0.08241668532536327,0.055506263744875946,0.08512940970912561,0.07251677957855569,0,0.04421090784736531,0.17729664042112564,-0.13308573257376033,0.066015292029312,0.18000000000000005,0.0005400000000000001,특수목적용기계제조업,0.12,0.059999999999999984,415640(KB발해인프라):-2.3% | 272290(이녹스첨단소재):+4.0% | 399720(가온칩스):+29.7% | 000815(삼성화재우):+2.3% | 002900(TYM):-4.1% | 001800(오리온홀딩스):+2.9% | 171090(선익시스템):+9.3% | 069260(TKG휴켐스):+3.4% | 352480(씨앤씨인터내셔널):-2.6% | 194480(데브시스터즈):-3.8%,2022-2024,2025
20260102,2026,0.10849639140812384,0.10976151954040007,0.13924585090255343,-0.030749459494429587,0.00114,0.38,0.03200820000000004,0.0,0.06805286157905437,0.1646908743618517,0.11360370819681544,0.1371444594865703,0.1365579042990264,0.14418507924940585,0,0.1077278720625532,0.13477858450812222,-0.027050712445569017,0.13139849115122515,0.21999999999999997,0.0006599999999999999,특수목적용기계제조업,0.12,0.05600000000000001,207940(삼성바이오로직스):-6.2% | 171090(선익시스템):+130.5% | 196170(알테오젠):-19.8% | 000660(SK하이닉스):+23.5% | 069260(TKG휴켐스):-5.0% | 141080(리가켐바이오):+11.4% | 326030(SK바이오팜):-20.2% | 005940(NH투자증권):+43.5% | 166090(하나머티리얼즈):+36.3% | 017800(현대엘리베이터):-1.8%,2023-2025,2026
