date,year,portfolio_return,portfolio_return_gross,benchmark_return,alpha,transaction_cost,turnover,cash_drag_pct,sl_triggered_rate,ic_spearman,q1_ret,q2_ret,q3_ret,q4_ret,q5_ret,q_monotonic,top_decile_return,bottom_decile_return,long_short_return,portfolio_return_tuned,turnover_tuned,transaction_cost_tuned,top_sector,top_sector_weight,sector_hhi,top_picks,train_period,test_year
20180102,2018,-0.02300820269220938,-0.02251946242342117,-0.04766871165644182,0.02466050896423244,0.0005,1.0,0.020686300000000046,0.0,0.04905275620579129,-0.03719486508796964,0.028589350291143234,-0.01070122138945763,0.002410481624805216,-0.010578236957981995,0,-0.01902425870184275,-0.06587132969786687,0.046847070996024115,-0.02012958715392743,1.0,0.0005,전자부품제조업,0.1,0.04879999999999999,036540(SFA반도체):+7.8% | 042670(HD현대인프라코어):-3.7% | 000880(한화):-3.0% | 048260(오스템임플란트):-8.8% | 034220(LG디스플레이):-10.3% | 214370(케어젠):-0.2% | 009150(삼성전기):-8.4% | 030520(한글과컴퓨터):-5.5% | 051910(LG화학):-6.0% | 122990(와이솔):+4.9%,2015-2017,2018
20180306,2018,-0.033540482028933116,-0.03220492482519189,0.02026025897055983,-0.053800740999492946,0.00138,0.45999999999999996,0.01621269999999997,0.0,-0.0542273676688143,0.08128700447516801,0.024793903272920567,0.013592305832426894,0.006346562188661831,-0.011284170573158413,0,-0.03990122452970362,0.11247027691325424,-0.15237150144295786,-0.023057459717055195,0.21999999999999997,0.0006599999999999999,특수목적용기계제조업,0.1,0.04959999999999999,041960(코미팜):-13.9% | 009830(한화솔루션):-11.2% | 095340(ISC):-0.5% | 042670(HD현대인프라코어):+16.0% | 046890(서울반도체):-17.8% | 009150(삼성전기):+26.6% | 115160(휴맥스):-36.3% | 003550(LG):-10.9% | 041140(넥슨지티):-6.5% | 000880(한화):-6.0%,2015-2017,2018
20180504,2018,-0.03569350436564922,-0.034476945316748324,-0.06803472770323604,0.03234122333758682,0.00126,0.42000000000000004,0.01917930000000001,0.0,0.07948623886666291,-0.09220274951609403,-0.0802118554805884,-0.03776893879536849,-0.05749057115964721,-0.04804349077809988,0,-0.06347267664052658,-0.07399873593332947,0.010526059292802883,-0.029431017017478966,0.31999999999999995,0.0009599999999999999,특수목적용기계제조업,0.12,0.0584,003550(LG):-16.0% | 031980(피에스케이홀딩스):+9.4% | 017890(한국알콜):+2.3% | 000210(DL):-10.6% | 016250(SGC E&C):-30.1% | 012330(현대모비스):-12.8% | 007820(에스엠코어):-9.5% | 139480(이마트):-6.3% | 003670(포스코퓨처엠):+32.7% | 018260(삼성에스디에스):-2.2%,2015-2017,2018
20180709,2018,0.020619494271213457,0.022214148342627818,-0.0031165311653117422,0.0237360254365252,0.0015600000000000002,0.52,0.026560499999999987,0.0,0.16677972680276973,-0.06482394499954061,0.007243661026451151,-0.001586537628192792,0.008078474399299259,0.020324629338531148,0,0.05549717091980404,-0.07645892998703005,0.13195610090683407,0.03603617342339027,0.33999999999999997,0.0010199999999999999,특수목적용기계제조업,0.1,0.04719999999999999,034730(SK):+1.5% | 048530(인트론바이오):+0.1% | 051910(LG화학):+8.1% | 056190(에스에프에이):+13.8% | 011070(LG이노텍):-7.0% | 003670(포스코퓨처엠):+41.9% | 090430(아모레퍼시픽):-10.5% | 089030(테크윙):+6.5% | 181710(NHN):-12.1% | 064260(다날):-17.1%,2015-2017,2018
20180906,2018,-0.083842271298873,-0.08246597025425438,-0.07717140138643463,-0.006670869912438371,0.0015,0.5,0.024895099999999948,0.0,0.03989840279000271,-0.1354186516202468,-0.09863422280902161,-0.12090888881806802,-0.09767294197853883,-0.10531601601564815,0,-0.05579078740839879,-0.11484203819449165,0.059051250786092864,-0.1301547853460121,0.33999999999999997,0.0010199999999999999,의약품제조업,0.1,0.053599999999999995,056190(에스에프에이):+7.3% | 042670(HD현대인프라코어):-11.7% | 003550(LG):-4.7% | 160550(NEW):+34.9% | 181710(NHN):-11.1% | 030520(한글과컴퓨터):-18.2% | 011170(롯데케미칼):-7.4% | 108320(LX세미콘):-17.2% | 034730(SK):+1.9% | 145020(휴젤):-32.4%,2015-2017,2018
20181112,2018,0.025244724210695457,0.026229904919418023,-0.02422948042861872,0.04947420463931418,0.0009599999999999999,0.31999999999999995,0.026031150000000003,0.0,0.048362242666399304,0.015310212814256962,0.045756337184581525,0.09499265795480527,0.04115387353154987,0.04767302477224529,0,0.038909632408825244,0.01947402941620442,0.019435602992620826,0.05957000016828795,0.21999999999999997,0.0006599999999999999,의약품제조업,0.1,0.05199999999999999,108320(LX세미콘):-7.0% | 051910(LG화학):+6.1% | 011070(LG이노텍):-12.9% | 039840(디오):+0.2% | 012330(현대모비스):+8.3% | 086450(동국제약):+9.5% | 003550(LG):+7.5% | 007570(일양약품):-5.6% | 056190(에스에프에이):-8.8% | 034730(SK):-4.4%,2015-2017,2018
20190102,2019,0.09835244236101315,0.10000244603005826,0.07992874569182495,0.018423696669188194,0.0015,0.5,0.03087989999999996,0.0,-0.06583959915268105,0.15043795281483266,0.13856545348022228,0.0662955418369271,0.11558469083883964,0.10751884878281015,0,0.10623857991914748,0.1715030242377641,-0.06526444431861661,0.10034947370862146,0.18000000000000005,0.0005400000000000001,기타금융업,0.1,0.06159999999999999,200130(콜마비앤에이치):+56.0% | 064960(SNT모티브):+20.4% | 069620(대웅제약):+2.5% | 039560(다산네트웍스):-0.7% | 014820(동원시스템즈):+28.5% | 091700(파트론):+30.4% | 097950(CJ제일제당):-1.7% | 007310(오뚜기):+4.9% | 095610(테스):+37.8% | 282330(BGF리테일):-2.6%,2016-2018,2019
20190307,2019,0.045366652995640466,0.04744058535464272,0.00458995230752679,0.040776700688113676,0.00198,0.6599999999999999,0.014656899999999973,0.0,0.0947427638155433,-0.02256726252182122,0.0023936745671912078,-0.003192814442315552,0.025229929813339182,0.04032995532806134,0,1.977256050069709e-05,-0.0223292575890406,0.022349030149541295,-0.015906478076910924,0.040000000000000036,0.00012000000000000011,기타금융업,0.12,0.0568,003000(부광약품):-24.3% | 950110(SBI핀테크솔루션즈):-5.5% | 009680(모토닉):+9.9% | 059090(미코):-10.0% | 097950(CJ제일제당):-5.2% | 084990(헬릭스미스):-19.0% | 298000(효성화학):-5.5% | 052020(에스티큐브):-24.7% | 006360(GS건설):-7.1% | 092730(네오팜):-10.5%,2016-2018,2019
20190508,2019,-0.06541491945809941,-0.06395468877258462,-0.04140638943423158,-0.024008530023867825,0.0015600000000000002,0.52,0.01047134999999999,0.0,-0.023342840375401932,-0.04770580453261362,0.00751327056015025,-0.09294978733875385,-0.06525910983622017,-0.05079692470569296,0,-0.07743888495507245,-0.01431630143018352,-0.06312258352488893,-0.0509283468720676,0.30000000000000004,0.0009000000000000002,특수목적용기계제조업,0.06,0.03999999999999998,950110(SBI핀테크솔루션즈):+36.5% | 234080(JW생명과학):-5.0% | 003000(부광약품):-16.4% | 067160(SOOP):-9.0% | 014820(동원시스템즈):+29.0% | 053580(웹케시):-21.3% | 018250(애경산업):-28.6% | 092730(네오팜):-3.5% | 004800(효성):-7.5% | 218410(RFHIC):-12.8%,2016-2018,2019
20190708,2019,-0.030340720171003532,-0.02818328706829504,-0.015304412586110594,-0.015036307584892938,0.00222,0.74,0.024350250000000018,0.0,-0.004583192614123584,-0.016267193091231605,-0.01763684926895109,-0.03347082129308038,0.010123131821050254,-0.03542481191514386,0,-0.028434568431424116,0.004209045354750418,-0.03264361378617453,-0.042445751518022434,0.42000000000000004,0.00126,기타화학제품제조업,0.08,0.038400000000000004,006840(AK홀딩스):-22.3% | 138080(오이솔루션):+2.7% | 018250(애경산업):-11.8% | 215000(골프존):-3.1% | 234080(JW생명과학):-2.4% | 119860(커넥트웨이브):-8.5% | 001630(종근당홀딩스):-10.8% | 053580(웹케시):-5.4% | 014680(한솔케미칼):+2.0% | 048260(오스템임플란트):-37.2%,2016-2018,2019
20190905,2019,0.16285704697595005,0.16495396411135052,0.07067765844804108,0.09217938852790897,0.0018,0.6,0.020017749999999945,0.0,0.06516077133815536,0.03209390298371925,0.0345996648303721,0.031480623424326615,0.042221472260873104,0.12837656412452753,0,0.22319236323447159,0.01965657164183513,0.20353579159263646,0.047416896514979934,0.33999999999999997,0.0010199999999999999,소프트웨어개발및공급업,0.12,0.05359999999999999,192400(쿠쿠홀딩스):+1.4% | 036830(솔브레인홀딩스):+7.8% | 014680(한솔케미칼):+12.1% | 030190(NICE평가정보):-3.0% | 004710(한솔테크닉스):-0.4% | 251370(와이엠티):+3.8% | 282330(BGF리테일):-8.8% | 005290(동진쎄미켐):+2.6% | 234080(JW생명과학):-6.9% | 085660(차바이오텍):+9.2%,2016-2018,2019
20191108,2019,0.05072973345989795,0.05243467763767102,0.04920001412778574,0.0015297193321122116,0.0016200000000000001,0.54,0.02427120000000005,0.0,0.11862008650691915,0.0004334706298621245,0.033074134553559065,0.033892692317777015,0.036602762385045284,0.06624353840158734,1,0.0759530935979983,-0.025318205387750006,0.10127129898574831,0.04354961652373657,0.28,0.0008400000000000001,기타금융업,0.12,0.0608,192400(쿠쿠홀딩스):+16.0% | 263750(펄어비스):-2.7% | 003850(보령):-0.3% | 251370(와이엠티):-12.0% | 051900(LG생활건강):+15.5% | 005290(동진쎄미켐):+10.3% | 003230(삼양식품):+9.7% | 203690(아크솔루션스):+5.7% | 012510(더존비즈온):+9.5% | 088800(에이스테크):+23.2%,2016-2018,2019
20200102,2020,-0.09631684832337972,-0.09430620810537357,-0.04208713621491311,-0.05422971210846661,0.00222,0.74,0.02560220000000002,0.0,-0.05614117489963074,-0.030215623748972215,-0.06270926068461356,-0.07424912849359357,-0.004178253077318123,-0.09028283662274818,0,-0.10527302717324447,-0.03308792240055345,-0.07218510477269102,-0.10901827438555611,0.76,0.00228,전자부품제조업,0.1,0.051199999999999996,208340(파멥신):-22.5% | 008930(한미사이언스):-11.6% | 307950(현대오토에버):-18.9% | 121800(비덴트):-16.8% | 003000(부광약품):+3.6% | 085660(차바이오텍):-3.8% | 012630(HDC):-8.8% | 038540(상상인):-7.6% | 272450(진에어):-11.5% | 086900(메디톡스):-16.5%,2017-2019,2020
20200304,2020,0.0812844507023649,0.08316916504955116,-0.08510408801639513,0.16638853871876003,0.0017400000000000002,0.5800000000000001,0.0162447,0.0,0.041599849553515575,0.036752881745630905,0.04399574310156861,0.09367758576279171,0.02958795318979691,0.07125398093163582,0,0.12119319149949424,0.03445623784359369,0.08673695365590056,0.03565492235662426,0.33999999999999997,0.0010199999999999999,전자부품제조업,0.1,0.053599999999999995,042670(HD현대인프라코어):+3.0% | 208340(파멥신):+11.0% | 307950(현대오토에버):+8.6% | 255440(야스):+20.7% | 192650(드림텍):+6.0% | 143160(아이디스):+57.1% | 004430(송원산업):+16.4% | 179900(유티아이):+12.9% | 005420(코스모화학):+0.8% | 091700(파트론):-17.2%,2017-2019,2020
20200507,2020,0.13781852844809794,0.13973328035910118,0.1421048494851842,-0.00428632103708626,0.0016800000000000003,0.56,0.011624599999999985,0.0,-0.0007075353373188954,0.13225735312595474,0.21348525767919604,0.19477226908653883,0.10269402514417994,0.1612186759778431,0,0.16133448882672652,0.14303917819369616,0.01829531063303036,0.11733133618858105,0.38,0.00114,의약품제조업,0.12,0.0456,234080(JW생명과학):+15.0% | 049950(미래컴퍼니):-6.1% | 008930(한미사이언스):+95.0% | 208340(파멥신):+24.8% | 005420(코스모화학):+2.6% | 112040(위메이드):+52.7% | 034220(LG디스플레이):+11.9% | 143160(아이디스):+5.5% | 010060(OCI홀딩스):+1.3% | 086900(메디톡스):+41.0%,2017-2019,2020
20200706,2020,0.1563274374217123,0.15869116740321493,0.08881013006675387,0.06751730735495842,0.0020399999999999997,0.6799999999999999,0.012806500000000054,0.0,-0.09488968590811914,0.23682682238662756,0.29911006146047114,0.10426991821503588,0.16884765314232325,0.13177111465460054,0,0.18759079057996594,0.2589809368770205,-0.07139014629705456,0.1464457395594312,0.48,0.0014399999999999999,의약품제조업,0.14,0.0632,006840(AK홀딩스):+37.0% | 179900(유티아이):-14.1% | 091700(파트론):+12.2% | 204320(HL만도):+32.4% | 082270(젬백스):-2.6% | 170900(동아에스티):+7.2% | 243070(휴온스):+15.6% | 002380(KCC):+4.8% | 319660(피에스케이):-0.2% | 000100(유한양행):+25.1%,2017-2019,2020
20200903,2020,0.024265784821112968,0.026174469334074472,0.01791865499478562,0.006347129826327347,0.00186,0.62,0.015249549999999945,0.0,0.1927920688318762,-0.027172619315588346,-0.009333494529967613,0.020639539969880463,-0.0022489929332225613,0.05109896839292831,0,0.027986329442784546,-0.04882697156356488,0.07681330100634942,0.018806733063571057,0.5,0.0015,전자부품제조업,0.12,0.064,308170(씨티알모빌리티):+12.4% | 084990(헬릭스미스):-55.8% | 108230(톱텍):-0.0% | 078930(GS):+3.2% | 243070(휴온스):-15.8% | 008060(대덕):+23.2% | 033160(엠케이전자):-5.9% | 006060(화승인더):+1.7% | 288330(파라택시스코리아):+16.2% | 185750(종근당):-6.0%,2017-2019,2020
20201106,2020,0.14666881749578464,0.14908188946365822,0.3356721515057435,-0.18900333400995883,0.0021,0.7,0.009158549999999988,0.0,0.038690580055438434,0.1150359730307184,0.13028303257960155,0.17046984426232337,0.20868244809346437,0.1463640965171483,0,0.152505316519222,0.1136376815262077,0.038867634993014294,0.17745105667147554,0.48,0.0014399999999999999,의약품제조업,0.08,0.04879999999999999,084990(헬릭스미스):+58.8% | 005420(코스모화학):+48.0% | 108230(톱텍):-41.9% | 063160(종근당바이오):+82.7% | 236200(슈프리마):-3.1% | 026890(스틱인베스트먼트):-17.1% | 041140(넥슨지티):+8.2% | 006060(화승인더):-5.2% | 041960(코미팜):-4.6% | 012610(경인양행):+4.2%,2017-2019,2020
20210104,2021,0.011639043677500016,0.013950851619191643,0.0211563469040712,-0.009517303226571183,0.00228,0.76,0.014291300000000007,0.0,0.08342081540153318,-0.048191929130329596,-0.027122491388948997,-0.032748234642272486,-0.024651871797640175,0.03938143393090337,0,0.012465044628922737,-0.08634393929467214,0.09880898392359488,-0.02789527821348825,0.21999999999999997,0.0006599999999999999,특수목적용기계제조업,0.1,0.043999999999999984,192650(드림텍):-25.3% | 042370(비츠로테크):+3.9% | 160980(싸이맥스):-8.8% | 026890(스틱인베스트먼트):+27.9% | 033540(파라텍):-8.2% | 084010(대한제강):+58.4% | 077360(덕산하이메탈):-4.0% | 019170(신풍제약):-17.3% | 293490(카카오게임즈):+6.0% | 267850(아시아나IDT):-11.1%,2018-2020,2021
20210308,2021,0.10989650840749499,0.11229907440821685,0.04481559484743114,0.06508091356006385,0.00216,0.72,0.008028750000000029,0.0,0.11705442211859098,0.1292395664252164,0.2204795188878395,0.10120290098121247,0.12949813329071824,0.13594436739964216,0,0.12827989416819938,0.12083676210487321,0.007443132063326169,0.10360772641895877,0.28,0.0008400000000000001,의약품제조업,0.16,0.0672,160980(싸이맥스):+31.9% | 005680(삼영전자):+1.1% | 092040(아미코젠):+19.9% | 214330(금호에이치티):+13.0% | 092190(서울바이오시스):+22.4% | 023800(인지컨트롤스):+25.1% | 090360(로보스타):+10.2% | 251270(넷마블):+9.7% | 018000(유니슨):+20.8% | 180640(한진칼):-12.2%,2018-2020,2021
20210506,2021,0.039290227758516316,0.04122690981076422,0.03014250890680681,0.009147718851709508,0.00186,0.62,0.00854940000000004,0.0,0.11756153664754534,0.04400999990522612,0.047290475135258005,0.005677005106189163,0.05411570743416959,0.07424341265437379,0,0.044173752098091004,0.037869564993242365,0.0063041871048486395,0.009308594036275375,0.5,0.0015,의약품제조업,0.16,0.0664,003090(대웅):+17.1% | 222040(코스맥스엔비티):+5.6% | 080220(제주반도체):-10.6% | 015890(태경산업):-3.8% | 066590(스모트로닉):-1.0% | 192650(드림텍):+28.5% | 950190(고스트스튜디오):+0.0% | 009470(삼화전기):+1.5% | 042420(네오위즈홀딩스):-20.0% | 058430(포스코스틸리온):+26.7%,2018-2020,2021
20210706,2021,0.2247054460032707,0.22779950074514838,-0.04614334470989756,0.27084879071316825,0.00252,0.84,0.011733899999999964,0.0,0.014851478729134926,-0.00375152209554591,-0.02579751798590808,0.02078096422788736,-0.025017250995628435,0.07669774643194326,0,0.22439065115478807,0.007858608516840901,0.21653204263794718,0.17081531699227526,0.6,0.0018,의약품제조업,0.16,0.057599999999999985,006650(대한유화):+1.5% | 039860(나노엔텍):+2.5% | 095700(제넥신):-18.3% | 009900(명신산업):+1.8% | 192250(케이사인):-6.6% | 005880(대한해운):-17.4% | 041460(한국전자인증):+19.8% | 009420(한올바이오파마):+13.6% | 066700(테라젠이텍스):-20.7% | 007570(일양약품):-5.2%,2018-2020,2021
20210903,2021,-0.01828989242609369,-0.016164808412264066,-0.06884213539430373,0.05055224296821004,0.00216,0.72,0.01408284999999998,0.0,0.04726694399761124,-0.06643005480882255,-0.07694027648186846,-0.04740666257503945,-0.05864682188030734,-0.0487699248734802,0,-0.03508147947552445,-0.09046982407233548,0.05538834459681102,-0.05247050391076313,0.6599999999999999,0.00198,소프트웨어개발및공급업,0.16,0.0728,009900(명신산업):-10.1% | 122350(삼기):-14.4% | 200130(콜마비앤에이치):-14.6% | 007860(서연):+11.4% | 138080(오이솔루션):-20.2% | 013360(일성건설):+43.8% | 032500(케이엠더블유):-17.8% | 137310(에스디바이오센서):+0.2% | 033310(엠투엔):-17.4% | 006120(SK디스커버리):+0.1%,2018-2020,2021
20211109,2021,0.0058244811769490035,0.007638229990932775,0.0012552515626600425,0.004569229614288961,0.0018,0.6,0.012863949999999957,0.0,0.05684145784048758,-0.02176868764291506,0.020155492667803022,0.03504127969719833,-0.008422242337872523,0.008870018293439043,0,0.025045337050031275,-0.0437751753670786,0.06882051241710987,-0.01199888486288736,0.5,0.0015,의약품제조업,0.14,0.0664,000210(DL):+3.0% | 383310(에코프로에이치엔):-25.3% | 122990(와이솔):+3.0% | 009900(명신산업):-0.7% | 123040(엠에스오토텍):-16.9% | 042670(HD현대인프라코어):-14.1% | 089970(브이엠):+27.9% | 298000(효성화학):+52.1% | 079370(제우스):+19.9% | 011780(금호석유화학):+8.0%,2018-2020,2021
20220103,2022,-0.052366350949742846,-0.04985797600639972,-0.11663421910950422,0.06426786815976138,0.00264,0.88,0.021118250000000005,0.0,0.07546711775199608,-0.11135221002970566,-0.08947148519031632,-0.07592983280086832,-0.0868841434140452,-0.07623765996176103,0,-0.06520838317864132,-0.11841053381129843,0.05320215063265711,-0.037616220219207186,0.8200000000000001,0.0024600000000000004,소프트웨어개발및공급업,0.16,0.0648,160980(싸이맥스):+2.8% | 005930(삼성전자):-9.5% | 078350(한양디지텍):-21.8% | 009470(삼화전기):+142.9% | 338220(뷰노):+56.2% | 000660(SK하이닉스):-6.6% | 047560(이스트소프트):+56.8% | 006060(화승인더):-11.8% | 136540(윈스테크넷):-3.0% | 009150(삼성전기):-18.2%,2019-2021,2022
20220308,2022,0.010292113999281316,0.012174759051116316,-0.011362985860667418,0.021655099859948734,0.00186,0.62,0.010587750000000007,0.0,0.11905892363699448,-0.05093331584672263,-0.04404628302146467,-0.019635463817371572,0.0063086070249695975,4.887192159532624e-05,0,-0.01200911888526903,-0.08960607954933099,0.07759696066406196,0.007906652114276769,0.54,0.0016200000000000001,소프트웨어개발및공급업,0.12,0.0576,002020(코오롱):+0.5% | 179290(엠아이텍):+43.4% | 950190(고스트스튜디오):-13.5% | 009150(삼성전기):+2.2% | 036710(심텍홀딩스):+2.7% | 005930(삼성전자):-7.7% | 290510(코리아센터):+6.2% | 000070(삼양홀딩스):-18.1% | 015750(성우하이텍):-1.2% | 000660(SK하이닉스):-8.3%,2019-2021,2022
20220509,2022,-0.11782119708905525,-0.11580523302034162,-0.10208158420427915,-0.0157396128847761,0.00228,0.76,0.014456150000000001,0.0,0.015553428827708538,0.050192232453155135,-0.1045340867625894,-0.12925088783440994,-0.06698306180338333,-0.06307528008712703,0,-0.12368268264125046,-0.13718028324109466,0.0134976005998442,-0.1318072410404305,0.54,0.0016200000000000001,의약품제조업,0.1,0.048799999999999996,005930(삼성전자):-10.5% | 042420(네오위즈홀딩스):-16.4% | 146320(비씨엔씨):-18.6% | 015890(태경산업):-1.3% | 226950(올릭스):-15.8% | 051910(LG화학):+4.2% | 025320(시노펙스):+25.0% | 282330(BGF리테일):-0.8% | 182360(큐브엔터):+7.3% | 005390(신성통상):-16.6%,2019-2021,2022
20220708,2022,0.004592430991437135,0.006827588237324175,-0.006416250201515261,0.011008681192952396,0.00222,0.74,0.015805249999999993,0.0,0.06775503952778783,-0.006521493304988217,0.05868544881040249,0.022513038918158826,0.06422632472619326,0.008530453249355316,0,-0.008194857612992639,-0.03721332411457658,0.029018466501583944,0.008402305036584012,0.54,0.0016200000000000001,의약품제조업,0.12,0.0592,005930(삼성전자):-5.5% | 083450(GST):+4.4% | 042000(카페24):+2.4% | 000660(SK하이닉스):-3.5% | 036200(유니셈):-2.3% | 007700(F&F홀딩스):+32.9% | 094480(갤럭시아머니트리):-3.0% | 009900(명신산업):+32.7% | 950220(네오이뮨텍):-1.3% | 009150(삼성전기):+2.6%,2019-2021,2022
20220907,2022,-0.022748607000490084,-0.021456930148285862,0.0096378504672896,-0.032386457467779683,0.0013199999999999998,0.43999999999999995,0.01429484999999997,0.0,0.07812180054929481,-0.04617290379193544,-0.03863257507958656,-0.02192552449731707,-0.02496752062604764,-0.012138746128030977,0,-0.022875700264988804,-0.04051499797512282,0.017639297710134016,-0.020924954717003508,0.36,0.00108,전자부품제조업,0.12,0.058399999999999994,336570(원텍):+34.7% | 000070(삼양홀딩스):-3.1% | 119860(커넥트웨이브):-11.1% | 192650(드림텍):-4.5% | 091700(파트론):+8.9% | 015890(태경산업):-0.4% | 091120(이엠텍):+4.2% | 000660(SK하이닉스):+3.4% | 041830(인바디):-7.3% | 005930(삼성전자):+13.1%,2019-2021,2022
20221110,2022,0.057390756789788666,0.059552243366255773,-0.005013981293992886,0.06240473808378155,0.0020399999999999997,0.6799999999999999,0.017605749999999976,0.0,0.1346894024489827,-0.03610685458162273,0.002145301624315133,0.004257144846949545,-0.0016736557952023716,0.034091134918945026,0,0.062031848320955624,-0.04837212418817176,0.11040397250912738,0.0478359701619262,0.5,0.0015,전자부품제조업,0.14,0.05199999999999999,005010(휴스틸):-10.4% | 011040(경동제약):+1.7% | 094480(갤럭시아머니트리):+44.1% | 005930(삼성전자):-3.8% | 054210(이랜텍):-2.9% | 000660(SK하이닉스):-6.6% | 123040(엠에스오토텍):+7.4% | 001340(PKC):+18.8% | 041830(인바디):+3.6% | 005610(SPC삼립):+0.3%,2019-2021,2022
20230102,2023,0.15309505276612856,0.15552164822740602,0.10749163187135502,0.04560342089477354,0.0021,0.7,0.006608700000000023,0.0,0.014211445036477236,0.13384672030238157,0.14120719321960468,0.13965289774116754,0.11128731318928663,0.1326805958070524,0,0.16567997796624503,0.14439595466238941,0.02128402330385562,0.16544099191971484,0.54,0.0016200000000000001,의약품제조업,0.14,0.05519999999999999,095700(제넥신):-1.3% | 016380(KG스틸):+28.5% | 043150(바텍):+3.6% | 007810(코리아써키트):+24.1% | 032500(케이엠더블유):-8.1% | 010690(화신):+31.5% | 063080(컴투스홀딩스):+31.2% | 005440(현대지에프홀딩스):-7.1% | 319660(피에스케이):+14.2% | 009900(명신산업):+38.5%,2020-2022,2023
20230306,2023,0.03384813161389255,0.03596149305973441,0.016295880850003108,0.017552250763889443,0.0020399999999999997,0.6799999999999999,0.009431900000000049,0.0,0.11607803747164311,0.08884930721712984,0.077636626661242,0.022373349775861102,0.02821878191536448,0.032327911619654655,0,0.04408982112275021,-0.016093378593508727,0.060183199716258934,0.02943202174610371,0.45999999999999996,0.00138,기타화학제품제조업,0.08,0.04639999999999998,091120(이엠텍):+15.1% | 017810(풀무원):+1.1% | 256840(한국비엔씨):-8.4% | 002240(고려제강):-5.5% | 060720(KH바텍):+20.6% | 017800(현대엘리베이터):+26.6% | 073490(LIG아큐버):-11.5% | 006120(SK디스커버리):+3.0% | 206650(유바이오로직스):-6.2% | 028260(삼성물산):+0.1%,2020-2022,2023
20230504,2023,0.021867585873671658,0.02389489777125883,0.030750835453904335,-0.008883249580232677,0.00198,0.6599999999999999,0.011548200000000008,0.0,0.04281025354444619,0.011393794074262878,-0.004654668815191691,-0.013997815787131005,0.06932723684178348,0.024319441074485183,0,0.014114207053199398,0.04492034478294892,-0.030806137729749522,0.0006077570813891597,0.43999999999999995,0.0013199999999999998,특수목적용기계제조업,0.12,0.0608,006120(SK디스커버리):+1.2% | 041830(인바디):-3.6% | 425040(티이엠씨):+24.5% | 023530(롯데쇼핑):-19.0% | 297890(HB솔루션):+56.9% | 102460(이연제약):-12.9% | 102710(이엔에프테크놀로지):+17.5% | 004250(NPC):+1.7% | 084990(헬릭스미스):-32.7% | 002150(도화엔지니어링):-6.8%,2020-2022,2023
20230706,2023,0.06832106719871489,0.07044053946685923,0.012165377751338635,0.056155689447376256,0.00198,0.6599999999999999,0.01132584999999997,0.0,0.06535744716837429,0.06107711822598204,0.0404447646779949,0.013374455742522086,0.07014685189040652,0.056522361242994576,0,0.05172971875707242,0.03172558027267428,0.020004138484398137,0.03892951359015173,0.45999999999999996,0.00138,일반목적용기계제조업,0.08,0.04959999999999999,084990(헬릭스미스):-16.8% | 006040(동원산업):-5.4% | 036200(유니셈):+25.5% | 249420(일동제약):+41.5% | 032500(케이엠더블유):-19.4% | 004250(NPC):-13.3% | 100120(뷰웍스):-38.9% | 016710(대성홀딩스):-10.7% | 950130(엑세스바이오):+10.7% | 003090(대웅):+21.1%,2020-2022,2023
20230905,2023,-0.042089091427533365,-0.039957797738512844,-0.04408004936965526,0.001990957942121896,0.00222,0.74,0.010053650000000025,0.0,0.18519891328523505,-0.12516967671199755,-0.07651438096103191,-0.01826234808554234,-0.013239587254057762,-0.04244164816954731,0,-0.03575238804031641,-0.1129789831720639,0.07722659513174748,-0.017513975143586435,0.56,0.0016800000000000003,의약품제조업,0.1,0.056799999999999996,950130(엑세스바이오):+14.4% | 145720(덴티움):-0.8% | 091580(상신이디피):-0.3% | 007810(코리아써키트):-12.0% | 259630(엠플러스):-2.7% | 007700(F&F홀딩스):-13.5% | 033640(네패스):-5.6% | 000240(한국앤컴퍼니):+29.2% | 089010(켐트로닉스):+5.9% | 251270(넷마블):+9.3%,2020-2022,2023
20231109,2023,0.10069055509459579,0.10300686952058892,0.046081957637799986,0.054608597456795804,0.0021,0.7,0.009166849999999949,0.0,0.10917625406035704,0.08911217716793894,0.07416703001948148,0.07690015845480945,0.043956132568583904,0.09613324244456332,0,0.09983767608492801,0.018046775947865835,0.08179090013706217,0.11356902016828774,0.52,0.0015600000000000002,전자부품제조업,0.12,0.053599999999999995,002900(TYM):+16.9% | 091580(상신이디피):+0.4% | 281740(레이크머티리얼즈):+66.8% | 001820(삼화콘덴서):+7.0% | 064550(바이오니아):+8.3% | 282330(BGF리테일):-3.0% | 104460(디와이피엔에프):+22.3% | 336370(솔루스첨단소재):+56.5% | 059090(미코):+0.0% | 004980(성신양회):+1.8%,2020-2022,2023
20240102,2024,0.02004331860541564,0.022251381589649146,-0.008209679656081104,0.028252998261496742,0.00216,0.72,0.010525200000000012,0.0,0.06881439844007238,0.04098253563373297,0.015507332928042687,0.0006436272899540572,0.019897381762614026,0.01293236824850505,0,0.01486333206121062,0.02075467552250614,-0.005891343461295519,0.01845106843662281,0.52,0.0015600000000000002,특수목적용기계제조업,0.1,0.052,000020(동화약품):-23.0% | 354320(알멕):-10.8% | 121600(나노신소재):+10.9% | 267270(HD건설기계):+8.2% | 091580(상신이디피):+16.7% | 005500(삼진제약):-6.0% | 348150(고바이오랩):+1.0% | 030000(제일기획):-4.8% | 114190(강원에너지):+17.3% | 010120(LS ELECTRI):+7.6%,2021-2023,2024
20240305,2024,0.05519267803501937,0.057540417762452056,0.04253474649738531,0.01265793153763406,0.00222,0.74,0.0111213,0.0,0.15697371023912193,0.02186405457603434,0.028047261207230317,0.04454425704623622,0.07905707744502818,0.05721819594400962,0,0.04276903817430547,0.022114695177675486,0.020654342996629983,0.04728548534050159,0.6599999999999999,0.00198,특수목적용기계제조업,0.08,0.0392,322000(HD현대에너지솔루션):+9.4% | 253450(스튜디오드래곤):+0.3% | 035900(JYP Ent.):+0.4% | 006400(삼성SDI):+19.9% | 036890(진성티이씨):+4.5% | 003490(대한항공):-2.0% | 119610(인터로조):-23.9% | 112610(씨에스윈드):+2.4% | 319400(현대무벡스):-8.0% | 007070(GS리테일):-7.2%,2021-2023,2024
20240507,2024,-0.05600946744027491,-0.05419351899674857,0.05812768240343358,-0.11413714984370849,0.00192,0.64,0.01907519999999996,0.0,-0.04500823508984533,0.05617270986272098,0.005033769044671101,0.004934882947404368,-0.01110983144747736,-0.03441600273130669,0,-0.06359063676740485,0.03946478449196514,-0.10305542125936999,-0.023153352129808735,0.43999999999999995,0.0013199999999999998,소프트웨어개발및공급업,0.08,0.044799999999999986,096530(씨젠):-7.4% | 017860(DS단석):-9.9% | 007070(GS리테일):-0.3% | 092070(디엔에프):-18.0% | 017960(한국카본):-7.6% | 417200(LS머트리얼즈):-57.9% | 034730(SK):-4.4% | 253450(스튜디오드래곤):-3.8% | 011210(현대위아):-2.9% | 146320(비씨엔씨):-6.6%,2021-2023,2024
20240708,2024,-0.006680595104648246,-0.004949206724348565,-0.12307653306968847,0.11639593796504022,0.0017400000000000002,0.5800000000000001,0.011904050000000055,0.0,0.15164604871362075,-0.1583673055830475,-0.11445964882919332,-0.1371612620902565,-0.10157933186021136,-0.06581755047688125,0,-0.013331137306524792,-0.17121776469512054,0.15788662738859574,-0.07404158081412471,0.5800000000000001,0.0017400000000000002,특수목적용기계제조업,0.1,0.054400000000000004,326030(SK바이오팜):+29.0% | 222080(씨아이에스):-23.3% | 005950(이수화학):-0.5% | 092070(디엔에프):-3.8% | 023530(롯데쇼핑):+0.2% | 096530(씨젠):+20.8% | 137310(에스디바이오센서):+0.8% | 108860(셀바스AI):+0.4% | 302440(SK바이오사이언스):-4.1% | 354320(알멕):+34.2%,2021-2023,2024
20240905,2024,-0.048945168155783425,-0.04665714530451429,-0.0537985661424607,0.004853397986677277,0.0024000000000000002,0.8,0.011879050000000002,0.0,-0.008836168457236043,-0.021050490397783814,-0.01321397837457188,-0.004065253308596199,-0.012387321417217894,-0.0074101022431426085,0,-0.04603852669934716,-0.013760106374143594,-0.03227842032520357,-0.053368776487195624,0.56,0.0016800000000000003,기타화학제품제조업,0.1,0.04719999999999999,102710(이엔에프테크놀로지):-36.5% | 001060(JW중외제약):-9.3% | 108670(LX하우시스):-19.0% | 460930(현대힘스):+34.0% | 005420(코스모화학):-7.0% | 089010(켐트로닉스):-19.4% | 058430(포스코스틸리온):+4.9% | 357780(솔브레인):-12.9% | 000520(삼일제약):+37.9% | 036540(SFA반도체):-8.4%,2021-2023,2024
20241112,2024,0.1080833663110663,0.11008151303452855,0.010479362072652876,0.09760400423841342,0.0018,0.6,0.010291300000000003,0.0,0.06860213781746269,0.05184112302476947,0.07770371075252266,0.09777834224964349,0.04832517102865915,0.076080029380263,0,0.11572502068497226,0.039242404775997164,0.0764826159089751,0.07201819817211552,0.31999999999999995,0.0009599999999999999,의약품제조업,0.1,0.05279999999999999,336260(두산퓨얼셀):+15.1% | 340570(티앤엘):+9.9% | 456040(OCI):+10.3% | 058610(에스피지):+37.8% | 004490(세방전지):+22.0% | 299030(하나기술):+14.4% | 006110(삼아알미늄):-10.7% | 102710(이엔에프테크놀로지):+33.7% | 052690(한전기술):-7.7% | 104830(원익머트리얼즈):-0.6%,2021-2023,2024
20250102,2025,0.061797598655297215,0.06377622242901534,0.06614847216540287,-0.004350873510105657,0.00186,0.62,0.011001599999999945,0.0,0.08671568715362772,0.0469090266623219,0.052316612485375905,0.051919632623418206,0.10110193910369163,0.0743871518274361,0,0.04009053022739714,-0.004004778396483705,0.04409530862388085,0.03340090176163968,0.43999999999999995,0.0013199999999999998,의약품제조업,0.12,0.05519999999999999,297890(HB솔루션):-1.1% | 007340(DN오토모티브):+15.9% | 170900(동아에스티):-22.4% | 200130(콜마비앤에이치):+10.5% | 084010(대한제강):+0.1% | 256840(한국비엔씨):-9.8% | 010620(현대미포조선):-20.3% | 104830(원익머트리얼즈):+21.2% | 018260(삼성에스디에스):-7.4% | 323990(박셀바이오):-17.1%,2022-2024,2025
20250310,2025,0.10308509491738405,0.10460945596661804,0.024469435343428048,0.078615659573956,0.00138,0.45999999999999996,0.00785765000000005,0.0,0.20108519716306364,0.0033533926878460763,0.041069365471109794,0.04657847739066791,0.05737067240670916,0.1045342479991048,1,0.12770176129768987,-0.01011244348653358,0.13781420478422346,0.1246722313476254,0.31999999999999995,0.0009599999999999999,기초화학물질제조업,0.1,0.05840000000000001,079940(가비아):+40.3% | 012630(HDC):+33.6% | 000430(대원강업):+2.2% | 114810(한솔아이원스):+7.4% | 307950(현대오토에버):+3.4% | 297890(HB솔루션):+0.2% | 007340(DN오토모티브):-0.5% | 236200(슈프리마):+29.8% | 069260(TKG휴켐스):+20.1% | 046890(서울반도체):+4.6%,2022-2024,2025
20250512,2025,0.17009623411621955,0.17171319832991486,0.23334677884061317,-0.06325054472439362,0.00138,0.45999999999999996,0.008074849999999967,0.0,0.0388847654055304,0.17305200321952222,0.19981347632111254,0.19251740942525267,0.15588182179261711,0.17810101226033814,0,0.15836750997652396,0.17161728578206834,-0.013249775805544373,0.17144770318588987,0.42000000000000004,0.00126,전자부품제조업,0.1,0.0552,001800(오리온홀딩스):-1.6% | 046890(서울반도체):+4.1% | 161890(한국콜마):+29.3% | 319400(현대무벡스):+14.2% | 307950(현대오토에버):+24.0% | 236200(슈프리마):-2.6% | 002900(TYM):+15.5% | 091700(파트론):+5.3% | 075580(세진중공업):+118.7% | 950170(JTC):+20.7%,2022-2024,2025
20250711,2025,-0.0013894462572191513,0.00023092784589109533,0.0513467423552223,-0.05273618861244145,0.0016200000000000001,0.54,0.0144069,0.0,-0.030341460456411912,0.04137691189500165,0.04844651655721013,0.07110225907445909,0.05763242321003435,0.021191885075778363,0,-0.002414246220352539,0.03400864706781039,-0.03642289328816293,0.031237968272189276,0.42000000000000004,0.00126,특수목적용기계제조업,0.14,0.06,001390(KG케미칼):-6.6% | 013030(하이록코리아):+32.3% | 069960(현대백화점):-4.5% | 046440(KG파이낸셜):-5.4% | 002790(아모레퍼시픽홀딩스):-19.6% | 203650(드림시큐리티):+0.0% | 004710(한솔테크닉스):-3.6% | 372320(큐로셀):+27.3% | 015860(일진홀딩스):+11.6% | 086450(동국제약):+8.8%,2022-2024,2025
20250910,2025,0.039265610075184476,0.04070177852955528,0.2519275636040439,-0.21266195352885942,0.00138,0.45999999999999996,0.014205699999999988,0.0,-0.0647815854193872,0.16921448689983334,0.060301228033392676,0.08320949698787278,0.06288766348109362,0.04742379995835704,0,0.044588814562167754,0.1454614188307924,-0.10087260426862463,0.05151524508712457,0.33999999999999997,0.0010199999999999999,특수목적용기계제조업,0.14,0.0544,000990(DB하이텍):+37.3% | 054950(제이브이엠):-21.6% | 190510(나무가):-5.6% | 004800(효성):+59.2% | 372320(큐로셀):+10.3% | 010140(삼성중공업):+17.2% | 032620(GC메디아이):-2.9% | 001390(KG케미칼):+13.5% | 256840(한국비엔씨):+7.3% | 002380(KCC):+2.4%,2022-2024,2025
20251114,2025,0.03745753707446342,0.03907849953373604,0.25062563228795076,-0.21316809521348734,0.0015600000000000002,0.52,0.01798029999999995,0.0,-0.05324041091775778,0.2136699493608148,0.053805097295286125,0.08145738165255946,0.060091356907209716,0.045397720384341755,0,0.03956243653825461,0.25473952455883725,-0.21517708802058264,0.04071063942123243,0.30000000000000004,0.0009000000000000002,특수목적용기계제조업,0.1,0.06159999999999999,053610(프로텍):-2.4% | 234080(JW생명과학):-15.0% | 099430(바이오플러스):-18.5% | 282330(BGF리테일):+3.0% | 041020(폴라리스오피스):-9.8% | 005850(에스엘):+50.5% | 199820(제일일렉트릭):+4.6% | 014830(유니드):+4.9% | 272110(케이엔제이):+21.9% | 001390(KG케미칼):-10.7%,2022-2024,2025
20260102,2026,0.06108886108972422,0.062044701320913116,0.15141751169809775,-0.09032865060837353,0.0009000000000000002,0.30000000000000004,0.01592294999999999,0.0,0.04582697513410026,0.1634558947745369,0.13628731669019592,0.15227975420928166,0.19121659645796754,0.11396375004193403,0,0.09197038723672275,0.11428386404254182,-0.022313476805819063,0.09417434684495363,0.19999999999999996,0.0005999999999999998,특수목적용기계제조업,0.1,0.053599999999999995,196170(알테오젠):-19.8% | 207940(삼성바이오로직스):-7.1% | 171090(선익시스템):+136.3% | 234080(JW생명과학):+3.7% | 033640(네패스):-3.7% | 000640(동아쏘시오홀딩스):-1.6% | 095660(네오위즈):+4.6% | 293940(신한알파리츠):-0.7% | 236200(슈프리마):+16.8% | 002900(TYM):+4.0%,2023-2025,2026
20260309,2026,0.1534578308204695,0.15498240759849966,0.15089471774184632,0.0025631130786231693,0.0013199999999999998,0.43999999999999995,0.02420180000000005,0.0,0.11934677856855816,0.1499475088698863,0.12540126382691114,0.14756514545709845,0.1665307561868711,0.1649240151030094,0,0.15688578680781565,0.15951505374436747,-0.0026292669365518273,0.15681801894530722,0.38,0.00114,특수목적용기계제조업,0.14,0.0616,007310(오뚜기):+3.9% | 033640(네패스):+68.2% | 051370(인터플렉스):+16.1% | 282330(BGF리테일):+19.0% | 095660(네오위즈):-13.1% | 329180(HD현대중공업):-14.3% | 236200(슈프리마):+15.8% | 207940(삼성바이오로직스):+2.3% | 083930(아바코):+7.0% | 278470(에이피알):+39.8%,2023-2025,2026
